category,encoded_category
economy,4
economy,4
economy,4
economy,4
economy,4
economy,4
economy,4
economy,4
economy,4
economy,4
economy,4
economy,4
economy,4
economy,4
economy,4
economy,4
economy,4
economy,4
economy,4
economy,4
economy,4
economy,4
economy,4
economy,4
economy,4
economy,4
economy,4
economy,4
economy,4
economy,4
economy,4
economy,4
economy,4
economy,4
economy,4
economy,4
economy,4
economy,4
economy,4
economy,4
economy,4
economy,4
economy,4
economy,4
economy,4
economy,4
economy,4
economy,4
economy,4
economy,4
economy,4
economy,4
economy,4
economy,4
economy,4
economy,4
economy,4
economy,4
economy,4
economy,4
economy,4
economy,4
economy,4
economy,4
economy,4
economy,4
economy,4
economy,4
economy,4
economy,4
economy,4
economy,4
economy,4
economy,4
economy,4
economy,4
economy,4
economy,4
economy,4
economy,4
economy,4
economy,4
economy,4
economy,4
economy,4
economy,4
economy,4
economy,4
economy,4
economy,4
economy,4
economy,4
economy,4
economy,4
economy,4
economy,4
economy,4
economy,4
economy,4
economy,4
economy,4
economy,4
economy,4
economy,4
economy,4
economy,4
economy,4
economy,4
economy,4
economy,4
economy,4
economy,4
economy,4
economy,4
economy,4
economy,4
economy,4
economy,4
economy,4
economy,4
economy,4
economy,4
economy,4
economy,4
economy,4
economy,4
economy,4
economy,4
economy,4
economy,4
economy,4
economy,4
economy,4
economy,4
economy,4
economy,4
economy,4
economy,4
economy,4
economy,4
economy,4
economy,4
economy,4
economy,4
economy,4
economy,4
economy,4
economy,4
economy,4
economy,4
economy,4
economy,4
economy,4
economy,4
economy,4
economy,4
economy,4
economy,4
economy,4
economy,4
economy,4
economy,4
economy,4
economy,4
economy,4
economy,4
economy,4
economy,4
economy,4
economy,4
economy,4
economy,4
economy,4
economy,4
economy,4
economy,4
economy,4
economy,4
economy,4
economy,4
economy,4
economy,4
economy,4
economy,4
economy,4
economy,4
economy,4
economy,4
economy,4
economy,4
economy,4
economy,4
economy,4
economy,4
economy,4
economy,4
economy,4
economy,4
economy,4
economy,4
economy,4
economy,4
economy,4
economy,4
economy,4
economy,4
economy,4
economy,4
economy,4
economy,4
economy,4
economy,4
economy,4
economy,4
economy,4
economy,4
economy,4
economy,4
economy,4
economy,4
economy,4
economy,4
economy,4
economy,4
economy,4
economy,4
economy,4
economy,4
economy,4
economy,4
economy,4
economy,4
economy,4
economy,4
economy,4
economy,4
economy,4
economy,4
economy,4
economy,4
economy,4
economy,4
economy,4
economy,4
economy,4
economy,4
economy,4
economy,4
economy,4
economy,4
economy,4
economy,4
economy,4
economy,4
economy,4
economy,4
economy,4
economy,4
economy,4
economy,4
economy,4
economy,4
economy,4
economy,4
economy,4
economy,4
economy,4
economy,4
economy,4
economy,4
economy,4
economy,4
economy,4
economy,4
economy,4
economy,4
economy,4
economy,4
economy,4
economy,4
economy,4
economy,4
economy,4
economy,4
economy,4
economy,4
economy,4
economy,4
economy,4
economy,4
economy,4
economy,4
economy,4
economy,4
economy,4
economy,4
economy,4
economy,4
economy,4
economy,4
economy,4
economy,4
economy,4
economy,4
economy,4
economy,4
economy,4
economy,4
economy,4
economy,4
economy,4
economy,4
economy,4
economy,4
economy,4
economy,4
economy,4
economy,4
economy,4
economy,4
economy,4
economy,4
economy,4
economy,4
economy,4
economy,4
economy,4
economy,4
economy,4
economy,4
economy,4
economy,4
economy,4
economy,4
economy,4
economy,4
economy,4
economy,4
economy,4
economy,4
economy,4
economy,4
economy,4
economy,4
economy,4
economy,4
economy,4
economy,4
economy,4
economy,4
economy,4
economy,4
economy,4
economy,4
economy,4
economy,4
economy,4
economy,4
economy,4
economy,4
economy,4
economy,4
economy,4
economy,4
economy,4
economy,4
economy,4
economy,4
economy,4
economy,4
economy,4
economy,4
economy,4
economy,4
economy,4
economy,4
economy,4
economy,4
economy,4
economy,4
economy,4
economy,4
economy,4
economy,4
economy,4
economy,4
economy,4
economy,4
economy,4
economy,4
economy,4
economy,4
economy,4
economy,4
economy,4
economy,4
economy,4
economy,4
economy,4
economy,4
economy,4
economy,4
economy,4
economy,4
economy,4
economy,4
economy,4
economy,4
economy,4
economy,4
economy,4
economy,4
economy,4
economy,4
economy,4
economy,4
economy,4
economy,4
economy,4
economy,4
economy,4
economy,4
economy,4
economy,4
economy,4
economy,4
economy,4
economy,4
economy,4
economy,4
economy,4
economy,4
economy,4
economy,4
economy,4
economy,4
economy,4
economy,4
economy,4
economy,4
economy,4
economy,4
economy,4
economy,4
economy,4
economy,4
economy,4
economy,4
economy,4
economy,4
economy,4
economy,4
economy,4
economy,4
economy,4
economy,4
economy,4
economy,4
economy,4
economy,4
economy,4
economy,4
economy,4
economy,4
economy,4
economy,4
economy,4
markets,6
markets,6
markets,6
markets,6
markets,6
markets,6
markets,6
markets,6
markets,6
markets,6
markets,6
markets,6
markets,6
markets,6
markets,6
markets,6
markets,6
markets,6
markets,6
markets,6
markets,6
markets,6
markets,6
markets,6
markets,6
markets,6
markets,6
markets,6
markets,6
markets,6
markets,6
markets,6
markets,6
markets,6
markets,6
markets,6
markets,6
markets,6
markets,6
markets,6
markets,6
markets,6
markets,6
markets,6
markets,6
markets,6
markets,6
markets,6
markets,6
markets,6
markets,6
markets,6
markets,6
markets,6
markets,6
markets,6
markets,6
markets,6
markets,6
markets,6
markets,6
markets,6
markets,6
markets,6
markets,6
markets,6
markets,6
markets,6
markets,6
markets,6
markets,6
markets,6
markets,6
markets,6
markets,6
markets,6
markets,6
markets,6
markets,6
markets,6
markets,6
markets,6
markets,6
markets,6
markets,6
markets,6
markets,6
markets,6
markets,6
markets,6
markets,6
markets,6
markets,6
markets,6
markets,6
markets,6
markets,6
markets,6
markets,6
markets,6
markets,6
markets,6
markets,6
markets,6
markets,6
markets,6
markets,6
markets,6
markets,6
markets,6
markets,6
markets,6
markets,6
markets,6
markets,6
markets,6
markets,6
markets,6
markets,6
markets,6
markets,6
markets,6
markets,6
markets,6
markets,6
markets,6
markets,6
markets,6
markets,6
markets,6
markets,6
markets,6
markets,6
markets,6
markets,6
markets,6
markets,6
markets,6
markets,6
markets,6
markets,6
markets,6
markets,6
markets,6
markets,6
markets,6
markets,6
markets,6
markets,6
markets,6
markets,6
markets,6
markets,6
markets,6
markets,6
markets,6
markets,6
markets,6
markets,6
markets,6
markets,6
markets,6
markets,6
markets,6
markets,6
markets,6
markets,6
markets,6
markets,6
markets,6
markets,6
markets,6
markets,6
markets,6
markets,6
markets,6
markets,6
markets,6
markets,6
markets,6
markets,6
markets,6
markets,6
markets,6
markets,6
markets,6
markets,6
markets,6
markets,6
markets,6
markets,6
markets,6
markets,6
markets,6
markets,6
markets,6
markets,6
markets,6
markets,6
markets,6
markets,6
markets,6
markets,6
markets,6
markets,6
markets,6
markets,6
markets,6
markets,6
markets,6
markets,6
markets,6
markets,6
markets,6
markets,6
markets,6
markets,6
markets,6
markets,6
markets,6
markets,6
markets,6
markets,6
markets,6
markets,6
markets,6
markets,6
markets,6
markets,6
markets,6
markets,6
markets,6
markets,6
markets,6
markets,6
markets,6
markets,6
markets,6
markets,6
markets,6
markets,6
markets,6
markets,6
markets,6
markets,6
markets,6
markets,6
markets,6
markets,6
markets,6
markets,6
markets,6
markets,6
markets,6
markets,6
markets,6
markets,6
markets,6
markets,6
markets,6
markets,6
markets,6
markets,6
markets,6
markets,6
markets,6
markets,6
markets,6
markets,6
markets,6
markets,6
markets,6
markets,6
markets,6
markets,6
markets,6
markets,6
markets,6
markets,6
markets,6
markets,6
markets,6
markets,6
markets,6
markets,6
markets,6
markets,6
markets,6
markets,6
markets,6
markets,6
markets,6
markets,6
markets,6
markets,6
markets,6
markets,6
markets,6
markets,6
markets,6
markets,6
markets,6
markets,6
markets,6
markets,6
markets,6
markets,6
markets,6
markets,6
markets,6
markets,6
markets,6
markets,6
markets,6
markets,6
markets,6
markets,6
markets,6
markets,6
markets,6
markets,6
markets,6
markets,6
markets,6
markets,6
markets,6
markets,6
markets,6
markets,6
markets,6
markets,6
markets,6
markets,6
markets,6
markets,6
markets,6
markets,6
markets,6
markets,6
markets,6
markets,6
markets,6
markets,6
markets,6
markets,6
markets,6
markets,6
markets,6
markets,6
markets,6
markets,6
markets,6
markets,6
markets,6
markets,6
markets,6
markets,6
markets,6
markets,6
markets,6
markets,6
markets,6
markets,6
markets,6
markets,6
markets,6
markets,6
markets,6
markets,6
markets,6
markets,6
markets,6
markets,6
markets,6
markets,6
markets,6
markets,6
markets,6
markets,6
markets,6
markets,6
markets,6
markets,6
markets,6
markets,6
markets,6
markets,6
markets,6
markets,6
markets,6
markets,6
markets,6
markets,6
markets,6
markets,6
markets,6
markets,6
markets,6
markets,6
markets,6
markets,6
markets,6
markets,6
markets,6
markets,6
markets,6
markets,6
markets,6
markets,6
markets,6
markets,6
markets,6
markets,6
markets,6
markets,6
markets,6
markets,6
markets,6
markets,6
markets,6
markets,6
markets,6
markets,6
markets,6
markets,6
markets,6
markets,6
markets,6
markets,6
markets,6
markets,6
markets,6
markets,6
markets,6
markets,6
markets,6
markets,6
markets,6
markets,6
markets,6
markets,6
markets,6
markets,6
markets,6
markets,6
markets,6
markets,6
markets,6
markets,6
markets,6
markets,6
markets,6
markets,6
markets,6
markets,6
markets,6
markets,6
markets,6
markets,6
markets,6
markets,6
markets,6
markets,6
markets,6
markets,6
markets,6
markets,6
markets,6
markets,6
markets,6
markets,6
markets,6
markets,6
markets,6
markets,6
markets,6
markets,6
markets,6
markets,6
markets,6
markets,6
markets,6
markets,6
markets,6
markets,6
markets,6
markets,6
markets,6
markets,6
markets,6
markets,6
markets,6
markets,6
markets,6
markets,6
markets,6
markets,6
markets,6
markets,6
markets,6
markets,6
markets,6
markets,6
markets,6
markets,6
markets,6
property,8
property,8
property,8
property,8
property,8
property,8
property,8
property,8
property,8
property,8
property,8
property,8
property,8
property,8
property,8
property,8
property,8
property,8
property,8
property,8
property,8
property,8
property,8
property,8
property,8
property,8
property,8
property,8
property,8
property,8
property,8
property,8
property,8
property,8
property,8
property,8
property,8
property,8
property,8
property,8
property,8
property,8
property,8
property,8
property,8
property,8
property,8
property,8
property,8
property,8
property,8
property,8
property,8
property,8
property,8
property,8
property,8
property,8
property,8
property,8
property,8
property,8
property,8
property,8
property,8
property,8
property,8
property,8
property,8
property,8
property,8
property,8
property,8
property,8
property,8
property,8
property,8
property,8
property,8
property,8
property,8
property,8
property,8
property,8
property,8
property,8
property,8
property,8
property,8
property,8
property,8
property,8
property,8
property,8
property,8
property,8
property,8
property,8
property,8
property,8
property,8
property,8
property,8
property,8
property,8
property,8
property,8
property,8
property,8
property,8
property,8
property,8
property,8
property,8
property,8
property,8
property,8
property,8
property,8
property,8
property,8
property,8
property,8
property,8
property,8
property,8
property,8
property,8
property,8
property,8
property,8
property,8
property,8
property,8
property,8
property,8
property,8
property,8
property,8
property,8
property,8
property,8
property,8
property,8
property,8
property,8
property,8
property,8
property,8
property,8
property,8
property,8
property,8
property,8
property,8
property,8
property,8
property,8
property,8
property,8
property,8
property,8
property,8
property,8
property,8
property,8
property,8
property,8
property,8
property,8
property,8
property,8
property,8
property,8
property,8
property,8
property,8
property,8
property,8
property,8
property,8
property,8
property,8
property,8
property,8
property,8
property,8
property,8
property,8
property,8
property,8
property,8
property,8
property,8
property,8
property,8
property,8
property,8
property,8
property,8
property,8
property,8
property,8
property,8
property,8
property,8
property,8
property,8
property,8
property,8
property,8
property,8
property,8
property,8
property,8
property,8
property,8
property,8
property,8
property,8
property,8
property,8
property,8
property,8
property,8
property,8
property,8
property,8
property,8
property,8
property,8
property,8
property,8
property,8
property,8
property,8
property,8
property,8
property,8
property,8
property,8
property,8
property,8
property,8
property,8
property,8
property,8
property,8
property,8
property,8
property,8
property,8
property,8
property,8
property,8
property,8
property,8
property,8
property,8
property,8
property,8
property,8
property,8
property,8
property,8
property,8
property,8
property,8
property,8
property,8
property,8
property,8
property,8
property,8
property,8
property,8
property,8
property,8
property,8
property,8
property,8
property,8
property,8
property,8
property,8
property,8
property,8
property,8
property,8
property,8
property,8
property,8
property,8
property,8
property,8
property,8
property,8
property,8
property,8
property,8
property,8
property,8
property,8
property,8
property,8
property,8
property,8
property,8
property,8
property,8
property,8
property,8
property,8
property,8
property,8
property,8
property,8
property,8
property,8
property,8
property,8
property,8
property,8
property,8
property,8
property,8
property,8
property,8
property,8
property,8
property,8
property,8
property,8
property,8
property,8
property,8
property,8
property,8
property,8
property,8
property,8
property,8
property,8
property,8
property,8
property,8
property,8
property,8
property,8
property,8
property,8
property,8
property,8
property,8
property,8
property,8
property,8
property,8
property,8
property,8
property,8
property,8
property,8
property,8
property,8
property,8
property,8
property,8
property,8
property,8
property,8
property,8
property,8
property,8
property,8
property,8
property,8
property,8
property,8
property,8
property,8
property,8
property,8
property,8
property,8
property,8
property,8
property,8
property,8
property,8
property,8
property,8
property,8
property,8
property,8
property,8
property,8
property,8
property,8
property,8
property,8
property,8
property,8
property,8
property,8
property,8
property,8
property,8
property,8
property,8
property,8
property,8
property,8
property,8
property,8
property,8
property,8
property,8
property,8
property,8
property,8
property,8
property,8
property,8
property,8
property,8
property,8
property,8
property,8
property,8
property,8
property,8
property,8
property,8
property,8
property,8
property,8
property,8
property,8
property,8
property,8
property,8
property,8
property,8
property,8
property,8
property,8
property,8
property,8
property,8
property,8
property,8
property,8
property,8
property,8
property,8
property,8
property,8
property,8
property,8
property,8
property,8
property,8
property,8
property,8
property,8
property,8
property,8
property,8
property,8
property,8
property,8
property,8
property,8
property,8
property,8
property,8
property,8
property,8
property,8
property,8
property,8
data-speaks,3
data-speaks,3
data-speaks,3
data-speaks,3
data-speaks,3
data-speaks,3
data-speaks,3
data-speaks,3
data-speaks,3
data-speaks,3
data-speaks,3
data-speaks,3
data-speaks,3
data-speaks,3
data-speaks,3
data-speaks,3
data-speaks,3
data-speaks,3
data-speaks,3
data-speaks,3
data-speaks,3
data-speaks,3
data-speaks,3
data-speaks,3
data-speaks,3
data-speaks,3
data-speaks,3
data-speaks,3
data-speaks,3
data-speaks,3
data-speaks,3
data-speaks,3
data-speaks,3
data-speaks,3
data-speaks,3
data-speaks,3
data-speaks,3
data-speaks,3
data-speaks,3
data-speaks,3
data-speaks,3
data-speaks,3
data-speaks,3
data-speaks,3
data-speaks,3
data-speaks,3
data-speaks,3
data-speaks,3
data-speaks,3
data-speaks,3
data-speaks,3
data-speaks,3
data-speaks,3
data-speaks,3
data-speaks,3
data-speaks,3
data-speaks,3
data-speaks,3
data-speaks,3
data-speaks,3
data-speaks,3
data-speaks,3
data-speaks,3
data-speaks,3
data-speaks,3
data-speaks,3
data-speaks,3
data-speaks,3
data-speaks,3
data-speaks,3
data-speaks,3
data-speaks,3
data-speaks,3
data-speaks,3
data-speaks,3
data-speaks,3
data-speaks,3
data-speaks,3
data-speaks,3
data-speaks,3
data-speaks,3
data-speaks,3
data-speaks,3
data-speaks,3
data-speaks,3
data-speaks,3
data-speaks,3
data-speaks,3
data-speaks,3
data-speaks,3
data-speaks,3
data-speaks,3
data-speaks,3
data-speaks,3
data-speaks,3
data-speaks,3
data-speaks,3
data-speaks,3
data-speaks,3
data-speaks,3
data-speaks,3
data-speaks,3
data-speaks,3
data-speaks,3
data-speaks,3
data-speaks,3
data-speaks,3
data-speaks,3
data-speaks,3
data-speaks,3
data-speaks,3
data-speaks,3
data-speaks,3
data-speaks,3
data-speaks,3
data-speaks,3
data-speaks,3
data-speaks,3
data-speaks,3
data-speaks,3
data-speaks,3
data-speaks,3
data-speaks,3
data-speaks,3
data-speaks,3
data-speaks,3
data-speaks,3
data-speaks,3
data-speaks,3
data-speaks,3
data-speaks,3
data-speaks,3
data-speaks,3
data-speaks,3
data-speaks,3
data-speaks,3
data-speaks,3
data-speaks,3
data-speaks,3
data-speaks,3
data-speaks,3
data-speaks,3
data-speaks,3
data-speaks,3
data-speaks,3
data-speaks,3
data-speaks,3
data-speaks,3
data-speaks,3
data-speaks,3
data-speaks,3
data-speaks,3
data-speaks,3
data-speaks,3
data-speaks,3
data-speaks,3
data-speaks,3
data-speaks,3
data-speaks,3
data-speaks,3
data-speaks,3
data-speaks,3
data-speaks,3
data-speaks,3
data-speaks,3
data-speaks,3
data-speaks,3
data-speaks,3
data-speaks,3
data-speaks,3
data-speaks,3
data-speaks,3
data-speaks,3
data-speaks,3
data-speaks,3
data-speaks,3
data-speaks,3
data-speaks,3
data-speaks,3
data-speaks,3
data-speaks,3
data-speaks,3
data-speaks,3
data-speaks,3
data-speaks,3
data-speaks,3
data-speaks,3
data-speaks,3
data-speaks,3
data-speaks,3
data-speaks,3
data-speaks,3
data-speaks,3
data-speaks,3
data-speaks,3
data-speaks,3
data-speaks,3
data-speaks,3
data-speaks,3
data-speaks,3
data-speaks,3
data-speaks,3
data-speaks,3
data-speaks,3
data-speaks,3
data-speaks,3
data-speaks,3
data-speaks,3
data-speaks,3
data-speaks,3
data-speaks,3
data-speaks,3
data-speaks,3
data-speaks,3
data-speaks,3
data-speaks,3
data-speaks,3
data-speaks,3
data-speaks,3
data-speaks,3
data-speaks,3
data-speaks,3
data-speaks,3
data-speaks,3
data-speaks,3
data-speaks,3
data-speaks,3
data-speaks,3
data-speaks,3
data-speaks,3
data-speaks,3
data-speaks,3
data-speaks,3
data-speaks,3
data-speaks,3
data-speaks,3
data-speaks,3
data-speaks,3
data-speaks,3
data-speaks,3
data-speaks,3
data-speaks,3
data-speaks,3
data-speaks,3
data-speaks,3
data-speaks,3
data-speaks,3
data-speaks,3
data-speaks,3
data-speaks,3
data-speaks,3
data-speaks,3
data-speaks,3
data-speaks,3
data-speaks,3
data-speaks,3
data-speaks,3
data-speaks,3
data-speaks,3
data-speaks,3
data-speaks,3
data-speaks,3
data-speaks,3
data-speaks,3
data-speaks,3
data-speaks,3
data-speaks,3
data-speaks,3
data-speaks,3
data-speaks,3
data-speaks,3
data-speaks,3
data-speaks,3
data-speaks,3
data-speaks,3
data-speaks,3
data-speaks,3
data-speaks,3
data-speaks,3
data-speaks,3
data-speaks,3
data-speaks,3
data-speaks,3
data-speaks,3
data-speaks,3
data-speaks,3
data-speaks,3
data-speaks,3
data-speaks,3
data-speaks,3
data-speaks,3
data-speaks,3
data-speaks,3
data-speaks,3
data-speaks,3
data-speaks,3
data-speaks,3
data-speaks,3
data-speaks,3
data-speaks,3
data-speaks,3
data-speaks,3
data-speaks,3
data-speaks,3
data-speaks,3
data-speaks,3
data-speaks,3
data-speaks,3
data-speaks,3
data-speaks,3
data-speaks,3
data-speaks,3
data-speaks,3
data-speaks,3
data-speaks,3
data-speaks,3
data-speaks,3
data-speaks,3
data-speaks,3
data-speaks,3
data-speaks,3
data-speaks,3
data-speaks,3
data-speaks,3
data-speaks,3
data-speaks,3
data-speaks,3
data-speaks,3
data-speaks,3
data-speaks,3
data-speaks,3
data-speaks,3
data-speaks,3
data-speaks,3
data-speaks,3
data-speaks,3
data-speaks,3
data-speaks,3
data-speaks,3
data-speaks,3
data-speaks,3
data-speaks,3
data-speaks,3
data-speaks,3
data-speaks,3
data-speaks,3
data-speaks,3
data-speaks,3
data-speaks,3
data-speaks,3
data-speaks,3
data-speaks,3
data-speaks,3
data-speaks,3
data-speaks,3
data-speaks,3
data-speaks,3
data-speaks,3
data-speaks,3
data-speaks,3
data-speaks,3
data-speaks,3
data-speaks,3
data-speaks,3
data-speaks,3
data-speaks,3
data-speaks,3
data-speaks,3
data-speaks,3
data-speaks,3
data-speaks,3
data-speaks,3
data-speaks,3
data-speaks,3
data-speaks,3
data-speaks,3
data-speaks,3
data-speaks,3
data-speaks,3
data-speaks,3
data-speaks,3
data-speaks,3
data-speaks,3
data-speaks,3
data-speaks,3
data-speaks,3
data-speaks,3
data-speaks,3
data-speaks,3
data-speaks,3
data-speaks,3
data-speaks,3
data-speaks,3
data-speaks,3
data-speaks,3
data-speaks,3
data-speaks,3
data-speaks,3
data-speaks,3
data-speaks,3
data-speaks,3
data-speaks,3
data-speaks,3
data-speaks,3
data-speaks,3
data-speaks,3
data-speaks,3
data-speaks,3
data-speaks,3
data-speaks,3
data-speaks,3
data-speaks,3
data-speaks,3
data-speaks,3
data-speaks,3
data-speaks,3
data-speaks,3
data-speaks,3
data-speaks,3
data-speaks,3
data-speaks,3
data-speaks,3
data-speaks,3
data-speaks,3
data-speaks,3
data-speaks,3
data-speaks,3
data-speaks,3
data-speaks,3
data-speaks,3
data-speaks,3
data-speaks,3
data-speaks,3
data-speaks,3
data-speaks,3
data-speaks,3
data-speaks,3
data-speaks,3
data-speaks,3
data-speaks,3
data-speaks,3
data-speaks,3
data-speaks,3
data-speaks,3
data-speaks,3
data-speaks,3
data-speaks,3
data-speaks,3
data-speaks,3
data-speaks,3
data-speaks,3
data-speaks,3
data-speaks,3
data-speaks,3
data-speaks,3
data-speaks,3
data-speaks,3
data-speaks,3
data-speaks,3
data-speaks,3
data-speaks,3
data-speaks,3
data-speaks,3
data-speaks,3
data-speaks,3
data-speaks,3
data-speaks,3
data-speaks,3
data-speaks,3
data-speaks,3
data-speaks,3
data-speaks,3
data-speaks,3
data-speaks,3
data-speaks,3
data-speaks,3
data-speaks,3
data-speaks,3
data-speaks,3
data-speaks,3
data-speaks,3
data-speaks,3
data-speaks,3
data-speaks,3
data-speaks,3
data-speaks,3
data-speaks,3
data-speaks,3
data-speaks,3
data-speaks,3
data-speaks,3
data-speaks,3
data-speaks,3
data-speaks,3
data-speaks,3
data-speaks,3
data-speaks,3
data-speaks,3
data-speaks,3
data-speaks,3
data-speaks,3
data-speaks,3
Food-recipes,1
Food-recipes,1
Food-recipes,1
Food-recipes,1
Food-recipes,1
Food-recipes,1
Food-recipes,1
Food-recipes,1
Food-recipes,1
Food-recipes,1
Food-recipes,1
Food-recipes,1
Food-recipes,1
Food-recipes,1
Food-recipes,1
Food-recipes,1
Food-recipes,1
Food-recipes,1
Food-recipes,1
Food-recipes,1
Food-recipes,1
Food-recipes,1
Food-recipes,1
Food-recipes,1
Food-recipes,1
Food-recipes,1
Food-recipes,1
Food-recipes,1
Food-recipes,1
Food-recipes,1
Food-recipes,1
Food-recipes,1
Food-recipes,1
Food-recipes,1
Food-recipes,1
Food-recipes,1
Food-recipes,1
Food-recipes,1
Food-recipes,1
Food-recipes,1
Food-recipes,1
Food-recipes,1
Food-recipes,1
Food-recipes,1
Food-recipes,1
Food-recipes,1
Food-recipes,1
Food-recipes,1
Food-recipes,1
Food-recipes,1
Food-recipes,1
Food-recipes,1
Food-recipes,1
Food-recipes,1
Food-recipes,1
Food-recipes,1
Food-recipes,1
Food-recipes,1
Food-recipes,1
Food-recipes,1
Food-recipes,1
Food-recipes,1
Food-recipes,1
Food-recipes,1
Food-recipes,1
Food-recipes,1
Food-recipes,1
Food-recipes,1
Food-recipes,1
Food-recipes,1
Food-recipes,1
Food-recipes,1
Food-recipes,1
Food-recipes,1
Food-recipes,1
Food-recipes,1
Food-recipes,1
Food-recipes,1
Food-recipes,1
Food-recipes,1
Food-recipes,1
Food-recipes,1
Food-recipes,1
Food-recipes,1
Food-recipes,1
Food-recipes,1
Food-recipes,1
Food-recipes,1
Food-recipes,1
Food-recipes,1
Food-recipes,1
Food-recipes,1
Food-recipes,1
Food-recipes,1
Food-recipes,1
Food-recipes,1
Food-recipes,1
Food-recipes,1
Food-recipes,1
Food-recipes,1
Food-recipes,1
Food-recipes,1
Food-recipes,1
Food-recipes,1
Food-recipes,1
Food-recipes,1
Food-recipes,1
Food-recipes,1
Food-recipes,1
Food-recipes,1
Food-recipes,1
Food-recipes,1
Food-recipes,1
Food-recipes,1
Food-recipes,1
Food-recipes,1
Food-recipes,1
Food-recipes,1
Food-recipes,1
Food-recipes,1
Food-recipes,1
Food-recipes,1
Food-recipes,1
Food-recipes,1
Food-recipes,1
Food-recipes,1
Food-recipes,1
Food-recipes,1
Food-recipes,1
Food-recipes,1
Food-recipes,1
Food-recipes,1
Food-recipes,1
Food-recipes,1
Food-recipes,1
Food-recipes,1
Food-recipes,1
Food-recipes,1
Food-recipes,1
Food-recipes,1
Food-recipes,1
Food-recipes,1
Food-recipes,1
Food-recipes,1
Food-recipes,1
Food-recipes,1
Food-recipes,1
Food-recipes,1
Food-recipes,1
Food-recipes,1
Food-recipes,1
Food-recipes,1
Food-recipes,1
Food-recipes,1
Food-recipes,1
Food-recipes,1
Food-recipes,1
Food-recipes,1
Food-recipes,1
Food-recipes,1
Food-recipes,1
Food-recipes,1
Food-recipes,1
Food-recipes,1
Food-recipes,1
Food-recipes,1
Food-recipes,1
Food-recipes,1
Food-recipes,1
Food-recipes,1
Food-recipes,1
Food-recipes,1
Food-recipes,1
Food-recipes,1
Food-recipes,1
Food-recipes,1
Food-recipes,1
Food-recipes,1
Food-recipes,1
Food-recipes,1
Food-recipes,1
Food-recipes,1
Food-recipes,1
Food-recipes,1
Food-recipes,1
Food-recipes,1
Food-recipes,1
Food-recipes,1
Food-recipes,1
Food-recipes,1
Food-recipes,1
Food-recipes,1
Food-recipes,1
Food-recipes,1
Food-recipes,1
Food-recipes,1
Food-recipes,1
Food-recipes,1
Food-recipes,1
Food-recipes,1
Food-recipes,1
Food-recipes,1
Food-recipes,1
Food-recipes,1
Food-recipes,1
Food-recipes,1
Food-recipes,1
Food-recipes,1
Food-recipes,1
Food-recipes,1
Food-recipes,1
Food-recipes,1
Food-recipes,1
Food-recipes,1
Food-recipes,1
Food-recipes,1
Food-recipes,1
Food-recipes,1
Food-recipes,1
Food-recipes,1
Food-recipes,1
Food-recipes,1
Food-recipes,1
Food-recipes,1
Food-recipes,1
Food-recipes,1
Food-recipes,1
Food-recipes,1
Food-recipes,1
Food-recipes,1
Food-recipes,1
Food-recipes,1
Food-recipes,1
Food-recipes,1
Food-recipes,1
Food-recipes,1
Food-recipes,1
Food-recipes,1
Food-recipes,1
Food-recipes,1
Food-recipes,1
Food-recipes,1
Food-recipes,1
Food-recipes,1
Food-recipes,1
Food-recipes,1
Food-recipes,1
Food-recipes,1
Food-recipes,1
Food-recipes,1
Food-recipes,1
Food-recipes,1
Food-recipes,1
Food-recipes,1
Food-recipes,1
Food-recipes,1
Food-recipes,1
Food-recipes,1
Food-recipes,1
Food-recipes,1
Food-recipes,1
Food-recipes,1
Food-recipes,1
Food-recipes,1
Food-recipes,1
Food-recipes,1
Food-recipes,1
Food-recipes,1
Food-recipes,1
Food-recipes,1
Food-recipes,1
Food-recipes,1
Food-recipes,1
Food-recipes,1
Food-recipes,1
Food-recipes,1
Food-recipes,1
Food-recipes,1
Food-recipes,1
Food-recipes,1
Food-recipes,1
Food-recipes,1
Food-recipes,1
Food-recipes,1
Food-recipes,1
Food-recipes,1
Food-recipes,1
Food-recipes,1
Food-recipes,1
Food-recipes,1
Food-recipes,1
Food-recipes,1
Food-recipes,1
Food-recipes,1
Food-recipes,1
Food-recipes,1
Food-recipes,1
Food-recipes,1
Food-recipes,1
Food-recipes,1
Food-recipes,1
Food-recipes,1
Food-recipes,1
Food-recipes,1
Food-recipes,1
Food-recipes,1
Food-recipes,1
Food-recipes,1
Food-recipes,1
Food-recipes,1
Food-recipes,1
Food-recipes,1
Food-recipes,1
Food-recipes,1
Food-recipes,1
Food-recipes,1
Food-recipes,1
Food-recipes,1
Food-recipes,1
Food-recipes,1
Food-recipes,1
Food-recipes,1
Food-recipes,1
Food-recipes,1
Food-recipes,1
Food-recipes,1
Food-recipes,1
Food-recipes,1
Food-recipes,1
Food-recipes,1
Food-recipes,1
Food-recipes,1
Food-recipes,1
Food-recipes,1
Food-recipes,1
Food-recipes,1
Food-recipes,1
Food-recipes,1
Food-recipes,1
Food-recipes,1
Food-recipes,1
Food-recipes,1
Food-recipes,1
Food-recipes,1
Food-recipes,1
Food-recipes,1
Food-recipes,1
Food-recipes,1
Food-recipes,1
Food-recipes,1
Food-recipes,1
Food-recipes,1
Food-recipes,1
Food-recipes,1
Food-recipes,1
Food-recipes,1
Food-recipes,1
Food-recipes,1
Food-recipes,1
Food-recipes,1
Food-recipes,1
Food-recipes,1
Food-recipes,1
Food-recipes,1
Food-recipes,1
Food-recipes,1
Food-recipes,1
places,7
places,7
places,7
places,7
places,7
places,7
places,7
places,7
places,7
places,7
places,7
places,7
places,7
places,7
places,7
places,7
places,7
places,7
places,7
places,7
places,7
places,7
places,7
places,7
places,7
places,7
places,7
places,7
places,7
places,7
places,7
places,7
places,7
places,7
places,7
places,7
places,7
places,7
places,7
places,7
places,7
places,7
places,7
places,7
places,7
places,7
places,7
places,7
places,7
places,7
places,7
places,7
places,7
places,7
places,7
places,7
places,7
places,7
places,7
places,7
places,7
places,7
places,7
places,7
places,7
places,7
places,7
places,7
places,7
places,7
places,7
places,7
places,7
places,7
places,7
places,7
places,7
places,7
places,7
places,7
places,7
places,7
places,7
places,7
places,7
places,7
places,7
places,7
places,7
places,7
places,7
places,7
places,7
places,7
places,7
places,7
places,7
places,7
places,7
places,7
places,7
places,7
places,7
places,7
places,7
places,7
places,7
places,7
places,7
places,7
places,7
places,7
places,7
places,7
places,7
places,7
places,7
places,7
places,7
places,7
places,7
places,7
places,7
places,7
places,7
places,7
places,7
places,7
places,7
places,7
places,7
places,7
places,7
places,7
places,7
places,7
places,7
places,7
places,7
places,7
places,7
places,7
places,7
places,7
places,7
places,7
places,7
places,7
places,7
places,7
places,7
places,7
places,7
places,7
places,7
places,7
places,7
places,7
places,7
places,7
places,7
places,7
places,7
places,7
places,7
places,7
places,7
places,7
places,7
places,7
places,7
places,7
places,7
places,7
places,7
places,7
places,7
places,7
places,7
places,7
places,7
places,7
places,7
places,7
places,7
places,7
places,7
places,7
places,7
places,7
places,7
places,7
places,7
places,7
places,7
places,7
places,7
places,7
places,7
places,7
places,7
places,7
places,7
places,7
places,7
places,7
places,7
places,7
places,7
places,7
places,7
places,7
places,7
places,7
places,7
places,7
places,7
places,7
places,7
places,7
places,7
places,7
places,7
places,7
places,7
places,7
places,7
places,7
places,7
places,7
places,7
places,7
places,7
places,7
places,7
places,7
places,7
places,7
places,7
places,7
places,7
places,7
places,7
places,7
places,7
places,7
places,7
places,7
places,7
places,7
places,7
places,7
places,7
places,7
places,7
places,7
places,7
places,7
places,7
places,7
places,7
places,7
places,7
places,7
places,7
places,7
places,7
places,7
places,7
places,7
places,7
places,7
places,7
places,7
places,7
places,7
places,7
places,7
places,7
places,7
places,7
places,7
places,7
places,7
places,7
places,7
places,7
places,7
places,7
places,7
places,7
places,7
places,7
places,7
places,7
places,7
places,7
places,7
places,7
places,7
places,7
places,7
places,7
places,7
places,7
places,7
places,7
places,7
places,7
places,7
places,7
places,7
places,7
places,7
places,7
places,7
places,7
places,7
places,7
places,7
places,7
places,7
places,7
places,7
places,7
places,7
places,7
places,7
places,7
places,7
places,7
places,7
places,7
places,7
places,7
places,7
places,7
places,7
places,7
places,7
places,7
places,7
places,7
places,7
places,7
places,7
places,7
places,7
places,7
places,7
places,7
places,7
places,7
places,7
places,7
places,7
places,7
places,7
places,7
places,7
places,7
places,7
places,7
places,7
places,7
places,7
places,7
places,7
places,7
places,7
crime,2
crime,2
crime,2
crime,2
crime,2
crime,2
crime,2
crime,2
crime,2
crime,2
crime,2
crime,2
crime,2
crime,2
crime,2
crime,2
crime,2
crime,2
crime,2
crime,2
crime,2
crime,2
crime,2
crime,2
crime,2
crime,2
crime,2
crime,2
crime,2
crime,2
crime,2
crime,2
crime,2
crime,2
crime,2
crime,2
crime,2
crime,2
crime,2
crime,2
crime,2
crime,2
crime,2
crime,2
crime,2
crime,2
crime,2
crime,2
crime,2
crime,2
crime,2
crime,2
crime,2
crime,2
crime,2
crime,2
crime,2
crime,2
crime,2
crime,2
crime,2
crime,2
crime,2
crime,2
crime,2
crime,2
crime,2
crime,2
crime,2
crime,2
crime,2
crime,2
crime,2
crime,2
crime,2
crime,2
crime,2
crime,2
crime,2
crime,2
crime,2
crime,2
crime,2
crime,2
crime,2
crime,2
crime,2
crime,2
crime,2
crime,2
crime,2
crime,2
crime,2
crime,2
crime,2
crime,2
crime,2
crime,2
crime,2
crime,2
crime,2
crime,2
crime,2
crime,2
crime,2
crime,2
crime,2
crime,2
crime,2
crime,2
crime,2
crime,2
crime,2
crime,2
crime,2
crime,2
crime,2
crime,2
crime,2
crime,2
crime,2
crime,2
crime,2
crime,2
crime,2
crime,2
crime,2
crime,2
crime,2
crime,2
crime,2
crime,2
crime,2
crime,2
crime,2
crime,2
crime,2
crime,2
crime,2
crime,2
crime,2
crime,2
crime,2
crime,2
crime,2
crime,2
crime,2
crime,2
crime,2
crime,2
crime,2
crime,2
crime,2
crime,2
crime,2
crime,2
crime,2
crime,2
crime,2
crime,2
crime,2
crime,2
crime,2
crime,2
crime,2
crime,2
crime,2
crime,2
crime,2
crime,2
crime,2
crime,2
crime,2
crime,2
crime,2
crime,2
crime,2
crime,2
crime,2
crime,2
crime,2
crime,2
crime,2
crime,2
crime,2
crime,2
crime,2
crime,2
crime,2
crime,2
crime,2
crime,2
crime,2
crime,2
crime,2
crime,2
crime,2
crime,2
crime,2
crime,2
crime,2
crime,2
crime,2
crime,2
crime,2
crime,2
crime,2
crime,2
crime,2
crime,2
crime,2
crime,2
crime,2
crime,2
crime,2
crime,2
crime,2
crime,2
crime,2
crime,2
crime,2
crime,2
crime,2
crime,2
crime,2
crime,2
crime,2
crime,2
crime,2
crime,2
crime,2
crime,2
crime,2
crime,2
crime,2
crime,2
crime,2
crime,2
crime,2
crime,2
crime,2
crime,2
crime,2
crime,2
crime,2
crime,2
crime,2
crime,2
crime,2
crime,2
crime,2
crime,2
crime,2
crime,2
crime,2
crime,2
crime,2
crime,2
crime,2
crime,2
crime,2
crime,2
crime,2
crime,2
crime,2
crime,2
crime,2
crime,2
crime,2
crime,2
crime,2
crime,2
crime,2
crime,2
crime,2
crime,2
crime,2
crime,2
crime,2
crime,2
crime,2
crime,2
crime,2
crime,2
crime,2
crime,2
crime,2
crime,2
crime,2
crime,2
crime,2
crime,2
crime,2
crime,2
crime,2
crime,2
crime,2
crime,2
crime,2
crime,2
crime,2
crime,2
crime,2
crime,2
crime,2
crime,2
crime,2
crime,2
crime,2
crime,2
crime,2
crime,2
crime,2
crime,2
crime,2
crime,2
crime,2
crime,2
crime,2
crime,2
crime,2
crime,2
crime,2
crime,2
crime,2
crime,2
crime,2
crime,2
crime,2
crime,2
crime,2
crime,2
crime,2
crime,2
crime,2
crime,2
crime,2
crime,2
crime,2
crime,2
crime,2
crime,2
crime,2
crime,2
crime,2
crime,2
crime,2
crime,2
crime,2
crime,2
crime,2
crime,2
crime,2
crime,2
crime,2
crime,2
crime,2
crime,2
crime,2
crime,2
crime,2
crime,2
crime,2
crime,2
crime,2
crime,2
crime,2
crime,2
crime,2
crime,2
crime,2
crime,2
crime,2
crime,2
crime,2
crime,2
crime,2
crime,2
crime,2
crime,2
crime,2
crime,2
crime,2
crime,2
crime,2
crime,2
crime,2
crime,2
crime,2
crime,2
crime,2
crime,2
crime,2
crime,2
crime,2
crime,2
crime,2
crime,2
crime,2
crime,2
crime,2
crime,2
crime,2
crime,2
crime,2
crime,2
crime,2
crime,2
crime,2
crime,2
crime,2
crime,2
crime,2
crime,2
crime,2
crime,2
crime,2
crime,2
crime,2
crime,2
crime,2
crime,2
crime,2
crime,2
crime,2
crime,2
crime,2
crime,2
crime,2
crime,2
crime,2
crime,2
crime,2
crime,2
crime,2
crime,2
crime,2
crime,2
crime,2
crime,2
crime,2
crime,2
crime,2
crime,2
crime,2
crime,2
crime,2
crime,2
crime,2
crime,2
crime,2
crime,2
crime,2
crime,2
crime,2
crime,2
crime,2
crime,2
crime,2
crime,2
crime,2
crime,2
crime,2
crime,2
crime,2
crime,2
crime,2
crime,2
crime,2
crime,2
crime,2
crime,2
crime,2
crime,2
crime,2
crime,2
crime,2
crime,2
crime,2
crime,2
crime,2
crime,2
crime,2
crime,2
crime,2
crime,2
crime,2
crime,2
crime,2
crime,2
crime,2
crime,2
crime,2
crime,2
crime,2
crime,2
crime,2
crime,2
crime,2
crime,2
crime,2
crime,2
crime,2
crime,2
crime,2
traffic,9
traffic,9
traffic,9
traffic,9
traffic,9
traffic,9
traffic,9
traffic,9
traffic,9
traffic,9
traffic,9
traffic,9
traffic,9
traffic,9
traffic,9
traffic,9
traffic,9
traffic,9
traffic,9
traffic,9
traffic,9
traffic,9
traffic,9
traffic,9
traffic,9
traffic,9
traffic,9
traffic,9
traffic,9
traffic,9
traffic,9
traffic,9
traffic,9
traffic,9
traffic,9
traffic,9
traffic,9
traffic,9
traffic,9
traffic,9
traffic,9
traffic,9
traffic,9
traffic,9
traffic,9
traffic,9
traffic,9
traffic,9
traffic,9
traffic,9
traffic,9
traffic,9
traffic,9
traffic,9
traffic,9
traffic,9
traffic,9
traffic,9
traffic,9
traffic,9
traffic,9
traffic,9
traffic,9
traffic,9
traffic,9
traffic,9
traffic,9
traffic,9
traffic,9
traffic,9
traffic,9
traffic,9
traffic,9
traffic,9
traffic,9
traffic,9
traffic,9
traffic,9
traffic,9
traffic,9
traffic,9
traffic,9
traffic,9
traffic,9
traffic,9
traffic,9
traffic,9
traffic,9
traffic,9
traffic,9
traffic,9
traffic,9
traffic,9
traffic,9
traffic,9
traffic,9
traffic,9
traffic,9
traffic,9
traffic,9
traffic,9
traffic,9
traffic,9
traffic,9
traffic,9
traffic,9
traffic,9
traffic,9
traffic,9
traffic,9
traffic,9
traffic,9
traffic,9
traffic,9
traffic,9
traffic,9
traffic,9
traffic,9
traffic,9
traffic,9
traffic,9
traffic,9
traffic,9
traffic,9
traffic,9
traffic,9
traffic,9
traffic,9
traffic,9
traffic,9
traffic,9
traffic,9
traffic,9
traffic,9
traffic,9
traffic,9
traffic,9
traffic,9
traffic,9
traffic,9
traffic,9
traffic,9
traffic,9
traffic,9
traffic,9
traffic,9
traffic,9
traffic,9
traffic,9
traffic,9
traffic,9
traffic,9
traffic,9
traffic,9
traffic,9
traffic,9
traffic,9
traffic,9
traffic,9
traffic,9
traffic,9
traffic,9
traffic,9
traffic,9
traffic,9
traffic,9
traffic,9
traffic,9
traffic,9
traffic,9
traffic,9
traffic,9
traffic,9
traffic,9
traffic,9
traffic,9
traffic,9
traffic,9
traffic,9
traffic,9
traffic,9
traffic,9
traffic,9
traffic,9
traffic,9
traffic,9
traffic,9
traffic,9
traffic,9
traffic,9
traffic,9
traffic,9
traffic,9
traffic,9
traffic,9
traffic,9
traffic,9
traffic,9
traffic,9
traffic,9
traffic,9
traffic,9
traffic,9
traffic,9
traffic,9
traffic,9
traffic,9
traffic,9
traffic,9
traffic,9
traffic,9
traffic,9
traffic,9
traffic,9
traffic,9
traffic,9
traffic,9
traffic,9
traffic,9
traffic,9
traffic,9
traffic,9
traffic,9
traffic,9
traffic,9
traffic,9
traffic,9
traffic,9
traffic,9
traffic,9
traffic,9
traffic,9
traffic,9
traffic,9
traffic,9
traffic,9
traffic,9
traffic,9
traffic,9
traffic,9
traffic,9
traffic,9
traffic,9
traffic,9
traffic,9
traffic,9
traffic,9
traffic,9
traffic,9
traffic,9
traffic,9
traffic,9
traffic,9
traffic,9
traffic,9
traffic,9
traffic,9
traffic,9
traffic,9
traffic,9
traffic,9
traffic,9
traffic,9
traffic,9
traffic,9
traffic,9
traffic,9
traffic,9
traffic,9
traffic,9
traffic,9
traffic,9
traffic,9
traffic,9
traffic,9
traffic,9
traffic,9
traffic,9
traffic,9
traffic,9
traffic,9
traffic,9
traffic,9
traffic,9
traffic,9
traffic,9
traffic,9
traffic,9
traffic,9
traffic,9
traffic,9
traffic,9
traffic,9
traffic,9
traffic,9
traffic,9
traffic,9
traffic,9
traffic,9
traffic,9
traffic,9
traffic,9
traffic,9
traffic,9
traffic,9
traffic,9
traffic,9
traffic,9
traffic,9
traffic,9
traffic,9
traffic,9
traffic,9
traffic,9
traffic,9
traffic,9
traffic,9
traffic,9
traffic,9
traffic,9
traffic,9
traffic,9
traffic,9
traffic,9
traffic,9
traffic,9
traffic,9
traffic,9
traffic,9
traffic,9
traffic,9
traffic,9
traffic,9
traffic,9
traffic,9
traffic,9
traffic,9
traffic,9
traffic,9
traffic,9
traffic,9
traffic,9
traffic,9
traffic,9
traffic,9
traffic,9
traffic,9
traffic,9
traffic,9
traffic,9
traffic,9
traffic,9
traffic,9
traffic,9
traffic,9
traffic,9
traffic,9
traffic,9
traffic,9
traffic,9
traffic,9
traffic,9
traffic,9
traffic,9
traffic,9
traffic,9
traffic,9
traffic,9
traffic,9
traffic,9
traffic,9
traffic,9
traffic,9
traffic,9
traffic,9
traffic,9
traffic,9
traffic,9
traffic,9
traffic,9
traffic,9
traffic,9
traffic,9
traffic,9
traffic,9
traffic,9
traffic,9
traffic,9
traffic,9
traffic,9
traffic,9
traffic,9
traffic,9
traffic,9
traffic,9
traffic,9
traffic,9
traffic,9
traffic,9
traffic,9
traffic,9
traffic,9
traffic,9
traffic,9
traffic,9
traffic,9
traffic,9
traffic,9
traffic,9
traffic,9
traffic,9
traffic,9
traffic,9
traffic,9
traffic,9
traffic,9
traffic,9
traffic,9
traffic,9
traffic,9
traffic,9
traffic,9
traffic,9
traffic,9
traffic,9
traffic,9
traffic,9
traffic,9
environment,5
environment,5
environment,5
environment,5
environment,5
environment,5
environment,5
environment,5
environment,5
environment,5
environment,5
environment,5
environment,5
environment,5
environment,5
environment,5
environment,5
environment,5
environment,5
environment,5
environment,5
environment,5
environment,5
environment,5
environment,5
environment,5
environment,5
environment,5
environment,5
environment,5
environment,5
environment,5
environment,5
environment,5
environment,5
environment,5
environment,5
environment,5
environment,5
environment,5
environment,5
environment,5
environment,5
environment,5
environment,5
environment,5
environment,5
environment,5
environment,5
environment,5
environment,5
environment,5
environment,5
environment,5
environment,5
environment,5
environment,5
environment,5
environment,5
environment,5
environment,5
environment,5
environment,5
environment,5
environment,5
environment,5
environment,5
environment,5
environment,5
environment,5
environment,5
environment,5
environment,5
environment,5
environment,5
environment,5
environment,5
environment,5
environment,5
environment,5
environment,5
environment,5
environment,5
environment,5
environment,5
environment,5
environment,5
environment,5
environment,5
environment,5
environment,5
environment,5
environment,5
environment,5
environment,5
environment,5
environment,5
environment,5
environment,5
environment,5
environment,5
environment,5
environment,5
environment,5
environment,5
environment,5
environment,5
environment,5
environment,5
environment,5
environment,5
environment,5
environment,5
environment,5
environment,5
environment,5
environment,5
environment,5
environment,5
environment,5
environment,5
environment,5
environment,5
environment,5
environment,5
environment,5
environment,5
environment,5
environment,5
environment,5
environment,5
environment,5
environment,5
environment,5
environment,5
environment,5
environment,5
environment,5
environment,5
environment,5
environment,5
environment,5
environment,5
environment,5
environment,5
environment,5
environment,5
environment,5
environment,5
environment,5
environment,5
environment,5
environment,5
environment,5
environment,5
environment,5
environment,5
environment,5
environment,5
environment,5
environment,5
environment,5
environment,5
environment,5
environment,5
environment,5
environment,5
environment,5
environment,5
environment,5
environment,5
environment,5
environment,5
environment,5
environment,5
environment,5
environment,5
environment,5
environment,5
environment,5
environment,5
environment,5
environment,5
environment,5
environment,5
environment,5
environment,5
environment,5
environment,5
environment,5
environment,5
environment,5
environment,5
environment,5
environment,5
environment,5
environment,5
environment,5
environment,5
environment,5
environment,5
environment,5
environment,5
environment,5
environment,5
environment,5
environment,5
environment,5
environment,5
environment,5
environment,5
environment,5
environment,5
environment,5
environment,5
environment,5
environment,5
environment,5
environment,5
environment,5
environment,5
environment,5
environment,5
environment,5
environment,5
environment,5
environment,5
environment,5
environment,5
environment,5
environment,5
environment,5
environment,5
environment,5
environment,5
environment,5
environment,5
environment,5
environment,5
environment,5
environment,5
environment,5
environment,5
environment,5
environment,5
environment,5
environment,5
environment,5
environment,5
environment,5
environment,5
environment,5
environment,5
environment,5
environment,5
environment,5
environment,5
environment,5
environment,5
environment,5
environment,5
environment,5
environment,5
environment,5
environment,5
environment,5
environment,5
environment,5
environment,5
environment,5
environment,5
environment,5
environment,5
environment,5
environment,5
environment,5
environment,5
environment,5
environment,5
environment,5
environment,5
environment,5
environment,5
environment,5
environment,5
environment,5
environment,5
environment,5
environment,5
environment,5
environment,5
environment,5
environment,5
environment,5
environment,5
environment,5
environment,5
environment,5
environment,5
environment,5
environment,5
environment,5
environment,5
environment,5
environment,5
environment,5
environment,5
environment,5
environment,5
environment,5
environment,5
environment,5
environment,5
environment,5
environment,5
environment,5
environment,5
environment,5
environment,5
environment,5
environment,5
environment,5
environment,5
environment,5
environment,5
environment,5
environment,5
environment,5
environment,5
environment,5
environment,5
environment,5
environment,5
environment,5
environment,5
environment,5
environment,5
environment,5
environment,5
environment,5
environment,5
environment,5
environment,5
environment,5
environment,5
environment,5
environment,5
environment,5
environment,5
environment,5
environment,5
environment,5
environment,5
environment,5
environment,5
environment,5
environment,5
environment,5
environment,5
environment,5
environment,5
environment,5
environment,5
environment,5
environment,5
environment,5
environment,5
environment,5
environment,5
environment,5
environment,5
environment,5
environment,5
environment,5
environment,5
environment,5
environment,5
environment,5
environment,5
environment,5
environment,5
environment,5
environment,5
environment,5
environment,5
environment,5
environment,5
environment,5
environment,5
environment,5
environment,5
environment,5
environment,5
environment,5
environment,5
environment,5
environment,5
environment,5
environment,5
environment,5
environment,5
environment,5
environment,5
environment,5
environment,5
environment,5
environment,5
environment,5
environment,5
environment,5
environment,5
environment,5
environment,5
environment,5
environment,5
environment,5
environment,5
environment,5
environment,5
environment,5
Education,0
Education,0
Education,0
Education,0
Education,0
Education,0
Education,0
Education,0
Education,0
Education,0
Education,0
Education,0
Education,0
Education,0
Education,0
Education,0
Education,0
Education,0
Education,0
Education,0
Education,0
Education,0
Education,0
Education,0
Education,0
Education,0
Education,0
Education,0
Education,0
Education,0
Education,0
Education,0
Education,0
Education,0
Education,0
Education,0
Education,0
Education,0
Education,0
Education,0
Education,0
Education,0
Education,0
Education,0
Education,0
Education,0
Education,0
Education,0
Education,0
Education,0
Education,0
Education,0
Education,0
Education,0
Education,0
Education,0
Education,0
Education,0
Education,0
Education,0
Education,0
Education,0
Education,0
Education,0
Education,0
Education,0
Education,0
Education,0
Education,0
Education,0
Education,0
Education,0
Education,0
Education,0
Education,0
Education,0
Education,0
Education,0
Education,0
Education,0
Education,0
Education,0
Education,0
Education,0
Education,0
Education,0
Education,0
Education,0
Education,0
Education,0
Education,0
Education,0
Education,0
Education,0
Education,0
Education,0
Education,0
Education,0
Education,0
Education,0
Education,0
Education,0
Education,0
Education,0
Education,0
Education,0
Education,0
Education,0
Education,0
Education,0
Education,0
Education,0
Education,0
Education,0
Education,0
Education,0
Education,0
Education,0
Education,0
Education,0
Education,0
Education,0
Education,0
Education,0
Education,0
Education,0
Education,0
Education,0
Education,0
Education,0
Education,0
Education,0
Education,0
Education,0
Education,0
Education,0
Education,0
Education,0
Education,0
Education,0
Education,0
Education,0
Education,0
Education,0
Education,0
Education,0
Education,0
Education,0
Education,0
Education,0
Education,0
Education,0
Education,0
Education,0
Education,0
Education,0
Education,0
Education,0
Education,0
Education,0
Education,0
Education,0
Education,0
Education,0
Education,0
Education,0
Education,0
Education,0
Education,0
Education,0
Education,0
Education,0
Education,0
Education,0
Education,0
Education,0
Education,0
Education,0
Education,0
Education,0
Education,0
Education,0
Education,0
Education,0
Education,0
Education,0
Education,0
Education,0
Education,0
Education,0
Education,0
Education,0
Education,0
Education,0
Education,0
Education,0
Education,0
Education,0
Education,0
Education,0
Education,0
Education,0
Education,0
Education,0
Education,0
Education,0
Education,0
Education,0
Education,0
Education,0
Education,0
Education,0
Education,0
Education,0
Education,0
Education,0
Education,0
Education,0
Education,0
Education,0
Education,0
Education,0
Education,0
Education,0
Education,0
Education,0
Education,0
Education,0
Education,0
Education,0
Education,0
Education,0
Education,0
Education,0
Education,0
Education,0
Education,0
Education,0
Education,0
Education,0
Education,0
Education,0
Education,0
Education,0
Education,0
Education,0
Education,0
Education,0
Education,0
Education,0
Education,0
Education,0
Education,0
Education,0
Education,0
Education,0
Education,0
Education,0
Education,0
Education,0
Education,0
Education,0
Education,0
Education,0
Education,0
Education,0
Education,0
Education,0
Education,0
Education,0
Education,0
Education,0
Education,0
Education,0
Education,0
Education,0
Education,0
Education,0
Education,0
Education,0
Education,0
Education,0
Education,0
Education,0
Education,0
Education,0
Education,0
Education,0
Education,0
Education,0
Education,0
Education,0
Education,0
Education,0
Education,0
Education,0
Education,0
Education,0
Education,0
Education,0
Education,0
Education,0
Education,0
Education,0
Education,0
Education,0
Education,0
Education,0
Education,0
Education,0
Education,0
Education,0
Education,0
Education,0
Education,0
Education,0
Education,0
Education,0
Education,0
Education,0
Education,0
Education,0
Education,0
Education,0
Education,0
Education,0
Education,0
Education,0
Education,0
Education,0
Education,0
Education,0
Education,0
Education,0
Education,0
Education,0
Education,0
Education,0
Education,0
Education,0
Education,0
Education,0
Education,0
Education,0
Education,0
Education,0
Education,0
Education,0
Education,0
Education,0
Education,0
Education,0
Education,0
Education,0
Education,0
Education,0
Education,0
Education,0
Education,0
Education,0
Education,0
Education,0
Education,0
Education,0
Education,0
Education,0
Education,0
Education,0
Education,0
Education,0
Education,0
Education,0
Education,0
Education,0
Education,0
Education,0
Education,0
Education,0
Education,0
Education,0
Education,0
Education,0
Education,0
Education,0
Education,0
Education,0
Education,0
Education,0
Education,0
Education,0
Education,0
Education,0
Education,0
Education,0
Education,0
Education,0
Education,0
Education,0
Education,0
Education,0
Education,0
Education,0
Education,0
Education,0
Education,0
Education,0
Education,0
Education,0
Education,0
Education,0
Education,0
Education,0
Education,0
Education,0
Education,0
Education,0
Education,0
Education,0
Education,0
Education,0
Education,0
Education,0
Education,0
Education,0
Education,0
Education,0
Education,0
Education,0
Education,0
Education,0
Education,0
Education,0
Education,0
Education,0
Education,0
Education,0
Education,0
Education,0
Education,0
Education,0
Education,0
Education,0
Education,0
Education,0
Education,0
Education,0
Education,0
Education,0
Education,0
Education,0
Education,0
Education,0
Education,0
Education,0
Education,0
Education,0
Education,0
Education,0
Education,0
Education,0
Education,0
Education,0
Education,0
Education,0
Education,0
Education,0
Education,0
Education,0
Education,0
Education,0
Education,0
Education,0
Education,0
Education,0
Education,0
Education,0
Education,0
Education,0
Education,0
Education,0
Education,0
Education,0
Education,0
Education,0
Education,0
Education,0
Education,0
Education,0
Education,0
Education,0
Education,0
Education,0
Education,0
